INSERT INTO pan_holders (id, pan_number, holder_name, business_name, constitution_type, mobile, email) VALUES
(1, 'ABCDE1234F', 'Asha Mehta', 'Mehta Auto Components', 'PARTNERSHIP', '9876543210', 'asha@mehtaauto.example'),
(2, 'PQRST6789L', 'Rohit Shah', 'Shah Precision Tools', 'PRIVATE_LIMITED', '9876501234', 'finance@shahprecision.example'),
(3, 'LOWTR1234A', 'Kiran Das', 'Das Trading Co', 'PROPRIETORSHIP', '9123456780', 'kiran@dastrading.example'),
(4, 'POORB5678C', 'Neha Jain', 'Jain Stationery Mart', 'PROPRIETORSHIP', '9123409876', 'neha@jainstationery.example'),
(5, 'NOUSE1234D', 'Vivek Rao', 'Rao Fresh Foods', 'PROPRIETORSHIP', '9988776655', 'vivek@raofresh.example'),
(6, 'NOGST1234E', 'Farah Khan', 'Khan Textiles', 'PARTNERSHIP', '8877665544', 'farah@khantextiles.example'),
(7, 'LOWBA1234F', 'Manoj Iyer', 'Iyer Packaging', 'PRIVATE_LIMITED', '7766554433', 'accounts@iyerpackaging.example');

INSERT INTO udyam_registrations (id, udyam_number, enterprise_type, enterprise_name, registration_date, investment, turnover, status, pan_holder_id) VALUES
(1, 'UDYAM-MH-01-0001111', 'SMALL', 'Mehta Auto Components', DATE '2021-04-12', 8500000.00, 42000000.00, 'ACTIVE', 1),
(2, 'UDYAM-GJ-24-0002222', 'MEDIUM', 'Shah Precision Tools', DATE '2019-08-20', 18500000.00, 82000000.00, 'ACTIVE', 2),
(3, 'UDYAM-DL-07-0003333', 'MICRO', 'Das Trading Co', DATE '2024-10-05', 900000.00, 2800000.00, 'ACTIVE', 3),
(4, 'UDYAM-DL-07-0004444', 'MICRO', 'Jain Stationery Mart', DATE '2023-01-18', 1200000.00, 3600000.00, 'ACTIVE', 4),
(5, 'UDYAM-KA-29-0005555', 'SMALL', 'Khan Textiles', DATE '2020-07-01', 6000000.00, 28000000.00, 'ACTIVE', 6),
(6, 'UDYAM-TN-33-0006666', 'SMALL', 'Iyer Packaging', DATE '2018-03-12', 7000000.00, 12500000.00, 'ACTIVE', 7);

INSERT INTO business_locations (id, address_line1, city, state, pincode, udyam_registration_id) VALUES
(1, 'Plot 12, MIDC Andheri East', 'Mumbai', 'Maharashtra', '400093', 1),
(2, 'Unit 4, Narol Industrial Estate', 'Ahmedabad', 'Gujarat', '382405', 2),
(3, 'Shop 21, Lajpat Nagar Market', 'New Delhi', 'Delhi', '110024', 3),
(4, '42 Stationery Lane', 'New Delhi', 'Delhi', '110006', 4),
(5, 'Peenya Industrial Area', 'Bengaluru', 'Karnataka', '560058', 5),
(6, 'SIDCO Industrial Estate', 'Chennai', 'Tamil Nadu', '600098', 6);

INSERT INTO gst_registrations (id, gstin, legal_name, trade_name, registration_status, annual_turnover, state, udyam_registration_id) VALUES
(1, '27ABCDE1234F1Z5', 'Mehta Auto Components', 'Mehta Auto', 'ACTIVE', 42000000.00, 'Maharashtra', 1),
(2, '24ABCDE1234F1Z2', 'Mehta Auto Components', 'Mehta Auto Gujarat', 'ACTIVE', 14700000.00, 'Gujarat', 1),
(3, '27PQRST6789L1Z5', 'Shah Precision Tools Private Limited', 'Shah Precision', 'ACTIVE', 82000000.00, 'Maharashtra', 2),
(4, '24PQRST6789L1Z2', 'Shah Precision Tools Private Limited', 'Shah Precision Gujarat', 'ACTIVE', 28700000.00, 'Gujarat', 2),
(5, '07LOWTR1234A1Z7', 'Das Trading Co', 'Das Trading', 'ACTIVE', 2800000.00, 'Delhi', 3),
(6, '07POORB5678C1Z7', 'Jain Stationery Mart', 'Jain Stationery', 'ACTIVE', 3600000.00, 'Delhi', 4),
(7, '33LOWBA1234F1Z9', 'Iyer Packaging Private Limited', 'Iyer Packaging', 'ACTIVE', 12500000.00, 'Tamil Nadu', 6);

INSERT INTO bank_accounts (id, account_number, bank_name, ifsc, account_type, current_balance, average_monthly_balance, account_status, pan_holder_id) VALUES
(1, '911234A001', 'National Bank', 'NATB0001023', 'CURRENT', 1250000.00, 410000.00, 'ACTIVE', 1),
(2, '911234A002', 'Industrial Bank', 'INDB0002044', 'CASH_CREDIT', 880000.00, 310000.00, 'ACTIVE', 1),
(3, '916789B001', 'National Bank', 'NATB0003021', 'CURRENT', 1650000.00, 520000.00, 'ACTIVE', 2),
(4, '916789B002', 'Industrial Bank', 'INDB0003110', 'CASH_CREDIT', 930000.00, 360000.00, 'ACTIVE', 2),
(5, '911234C001', 'Community Bank', 'COMB0000181', 'CURRENT', 70000.00, 70000.00, 'ACTIVE', 3),
(6, '915678D001', 'Community Bank', 'COMB0000182', 'CURRENT', 85000.00, 85000.00, 'ACTIVE', 4),
(7, '911234E001', 'National Bank', 'NATB0004120', 'CURRENT', 300000.00, 250000.00, 'ACTIVE', 5),
(8, '911234F001', 'National Bank', 'NATB0005120', 'CURRENT', 450000.00, 280000.00, 'ACTIVE', 6),
(9, '911234G001', 'Industrial Bank', 'INDB0006120', 'CURRENT', 90000.00, 65000.00, 'ACTIVE', 7);

INSERT INTO account_transactions (id, transaction_id, date, amount, type, narration, bank_account_id) VALUES
(1, 'TXN0001', DATE '2026-06-25', 150000.00, 'CREDIT', 'NEFT customer receipt', 1),
(2, 'TXN0002', DATE '2026-06-20', 150000.00, 'CREDIT', 'RTGS dealer collection', 1),
(3, 'TXN0003', DATE '2026-06-15', 150000.00, 'CREDIT', 'UPI Collection', 1),
(4, 'TXN0004', DATE '2026-06-10', 150000.00, 'CREDIT', 'Cash Deposit', 1),
(5, 'TXN0005', DATE '2026-06-05', 150000.00, 'CREDIT', 'Interest Credit', 1),
(6, 'TXN0006', DATE '2026-05-31', 150000.00, 'CREDIT', 'NEFT customer receipt', 1),
(7, 'TXN0007', DATE '2026-05-26', 150000.00, 'CREDIT', 'RTGS dealer collection', 1),
(8, 'TXN0008', DATE '2026-05-21', 150000.00, 'CREDIT', 'UPI Collection', 1),
(9, 'TXN0009', DATE '2026-05-16', 150000.00, 'CREDIT', 'Cash Deposit', 1),
(10, 'TXN0010', DATE '2026-05-11', 150000.00, 'CREDIT', 'Interest Credit', 1),
(11, 'TXN0011', DATE '2026-05-06', 150000.00, 'CREDIT', 'NEFT customer receipt', 1),
(12, 'TXN0012', DATE '2026-05-01', 150000.00, 'CREDIT', 'RTGS dealer collection', 1),
(13, 'TXN0013', DATE '2026-04-26', 150000.00, 'CREDIT', 'UPI Collection', 1),
(14, 'TXN0014', DATE '2026-04-21', 150000.00, 'CREDIT', 'Cash Deposit', 1),
(15, 'TXN0015', DATE '2026-04-16', 150000.00, 'CREDIT', 'Interest Credit', 1),
(16, 'TXN0016', DATE '2026-04-11', 150000.00, 'CREDIT', 'NEFT customer receipt', 1),
(17, 'TXN0017', DATE '2026-04-06', 150000.00, 'CREDIT', 'RTGS dealer collection', 1),
(18, 'TXN0018', DATE '2026-04-01', 150000.00, 'CREDIT', 'UPI Collection', 1),
(19, 'TXN0019', DATE '2026-03-27', 150000.00, 'CREDIT', 'Cash Deposit', 1),
(20, 'TXN0020', DATE '2026-03-22', 150000.00, 'CREDIT', 'Interest Credit', 1),
(21, 'TXN0021', DATE '2026-03-17', 150000.00, 'CREDIT', 'NEFT customer receipt', 1),
(22, 'TXN0022', DATE '2026-03-12', 150000.00, 'CREDIT', 'RTGS dealer collection', 1),
(23, 'TXN0023', DATE '2026-03-07', 150000.00, 'CREDIT', 'UPI Collection', 1),
(24, 'TXN0024', DATE '2026-03-02', 150000.00, 'CREDIT', 'Cash Deposit', 1),
(25, 'TXN0025', DATE '2026-02-25', 150000.00, 'CREDIT', 'Interest Credit', 1),
(26, 'TXN0026', DATE '2026-02-20', 150000.00, 'CREDIT', 'NEFT customer receipt', 1),
(27, 'TXN0027', DATE '2026-02-15', 42000.00, 'DEBIT', 'GST Payment', 1),
(28, 'TXN0028', DATE '2026-02-10', 38000.00, 'DEBIT', 'Salary', 1),
(29, 'TXN0029', DATE '2026-02-05', 46000.00, 'DEBIT', 'Vendor Payment', 1),
(30, 'TXN0030', DATE '2026-01-31', 35000.00, 'DEBIT', 'Loan EMI', 1),
(31, 'TXN0031', DATE '2026-06-24', 125000.00, 'CREDIT', 'NEFT customer receipt', 2),
(32, 'TXN0032', DATE '2026-06-19', 125000.00, 'CREDIT', 'RTGS dealer collection', 2),
(33, 'TXN0033', DATE '2026-06-14', 125000.00, 'CREDIT', 'UPI Collection', 2),
(34, 'TXN0034', DATE '2026-06-09', 125000.00, 'CREDIT', 'Cash Deposit', 2),
(35, 'TXN0035', DATE '2026-06-04', 125000.00, 'CREDIT', 'Interest Credit', 2),
(36, 'TXN0036', DATE '2026-05-30', 125000.00, 'CREDIT', 'NEFT customer receipt', 2),
(37, 'TXN0037', DATE '2026-05-25', 125000.00, 'CREDIT', 'RTGS dealer collection', 2),
(38, 'TXN0038', DATE '2026-05-20', 125000.00, 'CREDIT', 'UPI Collection', 2),
(39, 'TXN0039', DATE '2026-05-15', 125000.00, 'CREDIT', 'Cash Deposit', 2),
(40, 'TXN0040', DATE '2026-05-10', 125000.00, 'CREDIT', 'Interest Credit', 2),
(41, 'TXN0041', DATE '2026-05-05', 125000.00, 'CREDIT', 'NEFT customer receipt', 2),
(42, 'TXN0042', DATE '2026-04-30', 125000.00, 'CREDIT', 'RTGS dealer collection', 2),
(43, 'TXN0043', DATE '2026-04-25', 125000.00, 'CREDIT', 'UPI Collection', 2),
(44, 'TXN0044', DATE '2026-04-20', 125000.00, 'CREDIT', 'Cash Deposit', 2),
(45, 'TXN0045', DATE '2026-04-15', 125000.00, 'CREDIT', 'Interest Credit', 2),
(46, 'TXN0046', DATE '2026-04-10', 125000.00, 'CREDIT', 'NEFT customer receipt', 2),
(47, 'TXN0047', DATE '2026-04-05', 125000.00, 'CREDIT', 'RTGS dealer collection', 2),
(48, 'TXN0048', DATE '2026-03-31', 125000.00, 'CREDIT', 'UPI Collection', 2),
(49, 'TXN0049', DATE '2026-03-26', 125000.00, 'CREDIT', 'Cash Deposit', 2),
(50, 'TXN0050', DATE '2026-03-21', 125000.00, 'CREDIT', 'Interest Credit', 2),
(51, 'TXN0051', DATE '2026-03-16', 125000.00, 'CREDIT', 'NEFT customer receipt', 2),
(52, 'TXN0052', DATE '2026-03-11', 125000.00, 'CREDIT', 'RTGS dealer collection', 2),
(53, 'TXN0053', DATE '2026-03-06', 125000.00, 'CREDIT', 'UPI Collection', 2),
(54, 'TXN0054', DATE '2026-03-01', 125000.00, 'CREDIT', 'Cash Deposit', 2),
(55, 'TXN0055', DATE '2026-02-24', 125000.00, 'CREDIT', 'Interest Credit', 2),
(56, 'TXN0056', DATE '2026-02-19', 125000.00, 'CREDIT', 'NEFT customer receipt', 2),
(57, 'TXN0057', DATE '2026-02-14', 36000.00, 'DEBIT', 'GST Payment', 2),
(58, 'TXN0058', DATE '2026-02-09', 31000.00, 'DEBIT', 'Salary', 2),
(59, 'TXN0059', DATE '2026-02-04', 39000.00, 'DEBIT', 'Vendor Payment', 2),
(60, 'TXN0060', DATE '2026-01-30', 28000.00, 'DEBIT', 'Utility Bill', 2),
(61, 'TXN0061', DATE '2026-06-25', 190000.00, 'CREDIT', 'RTGS dealer collection', 3),
(62, 'TXN0062', DATE '2026-06-20', 190000.00, 'CREDIT', 'NEFT customer receipt', 3),
(63, 'TXN0063', DATE '2026-06-15', 190000.00, 'CREDIT', 'UPI Collection', 3),
(64, 'TXN0064', DATE '2026-06-10', 190000.00, 'CREDIT', 'Cash Deposit', 3),
(65, 'TXN0065', DATE '2026-06-05', 190000.00, 'CREDIT', 'Interest Credit', 3),
(66, 'TXN0066', DATE '2026-05-31', 190000.00, 'CREDIT', 'RTGS dealer collection', 3),
(67, 'TXN0067', DATE '2026-05-26', 190000.00, 'CREDIT', 'NEFT customer receipt', 3),
(68, 'TXN0068', DATE '2026-05-21', 190000.00, 'CREDIT', 'UPI Collection', 3),
(69, 'TXN0069', DATE '2026-05-16', 190000.00, 'CREDIT', 'Cash Deposit', 3),
(70, 'TXN0070', DATE '2026-05-11', 190000.00, 'CREDIT', 'Interest Credit', 3),
(71, 'TXN0071', DATE '2026-05-06', 190000.00, 'CREDIT', 'RTGS dealer collection', 3),
(72, 'TXN0072', DATE '2026-05-01', 190000.00, 'CREDIT', 'NEFT customer receipt', 3),
(73, 'TXN0073', DATE '2026-04-26', 190000.00, 'CREDIT', 'UPI Collection', 3),
(74, 'TXN0074', DATE '2026-04-21', 190000.00, 'CREDIT', 'Cash Deposit', 3),
(75, 'TXN0075', DATE '2026-04-16', 190000.00, 'CREDIT', 'Interest Credit', 3),
(76, 'TXN0076', DATE '2026-04-11', 190000.00, 'CREDIT', 'RTGS dealer collection', 3),
(77, 'TXN0077', DATE '2026-04-06', 190000.00, 'CREDIT', 'NEFT customer receipt', 3),
(78, 'TXN0078', DATE '2026-04-01', 190000.00, 'CREDIT', 'UPI Collection', 3),
(79, 'TXN0079', DATE '2026-03-27', 190000.00, 'CREDIT', 'Cash Deposit', 3),
(80, 'TXN0080', DATE '2026-03-22', 190000.00, 'CREDIT', 'Interest Credit', 3),
(81, 'TXN0081', DATE '2026-03-17', 190000.00, 'CREDIT', 'RTGS dealer collection', 3),
(82, 'TXN0082', DATE '2026-03-12', 190000.00, 'CREDIT', 'NEFT customer receipt', 3),
(83, 'TXN0083', DATE '2026-03-07', 190000.00, 'CREDIT', 'UPI Collection', 3),
(84, 'TXN0084', DATE '2026-03-02', 190000.00, 'CREDIT', 'Cash Deposit', 3),
(85, 'TXN0085', DATE '2026-02-25', 190000.00, 'CREDIT', 'Interest Credit', 3),
(86, 'TXN0086', DATE '2026-02-20', 190000.00, 'CREDIT', 'RTGS dealer collection', 3),
(87, 'TXN0087', DATE '2026-02-15', 62000.00, 'DEBIT', 'GST Payment', 3),
(88, 'TXN0088', DATE '2026-02-10', 52000.00, 'DEBIT', 'Salary', 3),
(89, 'TXN0089', DATE '2026-02-05', 70000.00, 'DEBIT', 'Vendor Payment', 3),
(90, 'TXN0090', DATE '2026-01-31', 44000.00, 'DEBIT', 'Loan EMI', 3),
(91, 'TXN0091', DATE '2026-06-24', 160000.00, 'CREDIT', 'NEFT customer receipt', 4),
(92, 'TXN0092', DATE '2026-06-19', 160000.00, 'CREDIT', 'RTGS dealer collection', 4),
(93, 'TXN0093', DATE '2026-06-14', 160000.00, 'CREDIT', 'UPI Collection', 4),
(94, 'TXN0094', DATE '2026-06-09', 160000.00, 'CREDIT', 'Cash Deposit', 4),
(95, 'TXN0095', DATE '2026-06-04', 160000.00, 'CREDIT', 'Interest Credit', 4),
(96, 'TXN0096', DATE '2026-05-30', 160000.00, 'CREDIT', 'NEFT customer receipt', 4),
(97, 'TXN0097', DATE '2026-05-25', 160000.00, 'CREDIT', 'RTGS dealer collection', 4),
(98, 'TXN0098', DATE '2026-05-20', 160000.00, 'CREDIT', 'UPI Collection', 4),
(99, 'TXN0099', DATE '2026-05-15', 160000.00, 'CREDIT', 'Cash Deposit', 4),
(100, 'TXN0100', DATE '2026-05-10', 160000.00, 'CREDIT', 'Interest Credit', 4),
(101, 'TXN0101', DATE '2026-05-05', 160000.00, 'CREDIT', 'NEFT customer receipt', 4),
(102, 'TXN0102', DATE '2026-04-30', 160000.00, 'CREDIT', 'RTGS dealer collection', 4),
(103, 'TXN0103', DATE '2026-04-25', 160000.00, 'CREDIT', 'UPI Collection', 4),
(104, 'TXN0104', DATE '2026-04-20', 160000.00, 'CREDIT', 'Cash Deposit', 4),
(105, 'TXN0105', DATE '2026-04-15', 160000.00, 'CREDIT', 'Interest Credit', 4),
(106, 'TXN0106', DATE '2026-04-10', 160000.00, 'CREDIT', 'NEFT customer receipt', 4),
(107, 'TXN0107', DATE '2026-04-05', 160000.00, 'CREDIT', 'RTGS dealer collection', 4),
(108, 'TXN0108', DATE '2026-03-31', 160000.00, 'CREDIT', 'UPI Collection', 4),
(109, 'TXN0109', DATE '2026-03-26', 160000.00, 'CREDIT', 'Cash Deposit', 4),
(110, 'TXN0110', DATE '2026-03-21', 160000.00, 'CREDIT', 'Interest Credit', 4),
(111, 'TXN0111', DATE '2026-03-16', 160000.00, 'CREDIT', 'NEFT customer receipt', 4),
(112, 'TXN0112', DATE '2026-03-11', 160000.00, 'CREDIT', 'RTGS dealer collection', 4),
(113, 'TXN0113', DATE '2026-03-06', 160000.00, 'CREDIT', 'UPI Collection', 4),
(114, 'TXN0114', DATE '2026-03-01', 160000.00, 'CREDIT', 'Cash Deposit', 4),
(115, 'TXN0115', DATE '2026-02-24', 160000.00, 'CREDIT', 'Interest Credit', 4),
(116, 'TXN0116', DATE '2026-02-19', 160000.00, 'CREDIT', 'NEFT customer receipt', 4),
(117, 'TXN0117', DATE '2026-02-14', 52000.00, 'DEBIT', 'GST Payment', 4),
(118, 'TXN0118', DATE '2026-02-09', 48000.00, 'DEBIT', 'Salary', 4),
(119, 'TXN0119', DATE '2026-02-04', 56000.00, 'DEBIT', 'Vendor Payment', 4),
(120, 'TXN0120', DATE '2026-01-30', 42000.00, 'DEBIT', 'Utility Bill', 4),
(121, 'TXN0121', DATE '2026-06-23', 30000.00, 'CREDIT', 'NEFT customer receipt', 5),
(122, 'TXN0122', DATE '2026-06-15', 30000.00, 'CREDIT', 'UPI Collection', 5),
(123, 'TXN0123', DATE '2026-06-07', 30000.00, 'CREDIT', 'Cash Deposit', 5),
(124, 'TXN0124', DATE '2026-05-30', 30000.00, 'CREDIT', 'NEFT customer receipt', 5),
(125, 'TXN0125', DATE '2026-05-22', 30000.00, 'CREDIT', 'UPI Collection', 5),
(126, 'TXN0126', DATE '2026-05-14', 30000.00, 'CREDIT', 'Cash Deposit', 5),
(127, 'TXN0127', DATE '2026-05-06', 30000.00, 'CREDIT', 'NEFT customer receipt', 5),
(128, 'TXN0128', DATE '2026-04-28', 30000.00, 'CREDIT', 'UPI Collection', 5),
(129, 'TXN0129', DATE '2026-04-20', 18000.00, 'DEBIT', 'GST Payment', 5),
(130, 'TXN0130', DATE '2026-04-12', 16000.00, 'DEBIT', 'Vendor Payment', 5),
(131, 'TXN0131', DATE '2026-04-04', 12000.00, 'DEBIT', 'Utility Bill', 5),
(132, 'TXN0132', DATE '2026-03-27', 15000.00, 'DEBIT', 'Salary', 5),
(133, 'TXN0133', DATE '2026-03-19', 13000.00, 'DEBIT', 'Loan EMI', 5),
(134, 'TXN0134', DATE '2026-03-11', 11000.00, 'DEBIT', 'Vendor Payment', 5),
(135, 'TXN0135', DATE '2026-03-03', 9000.00, 'DEBIT', 'Utility Bill', 5),
(136, 'TXN0136', DATE '2026-02-23', 10000.00, 'DEBIT', 'Salary', 5),
(137, 'TXN0137', DATE '2026-02-15', 8000.00, 'DEBIT', 'GST Payment', 5),
(138, 'TXN0138', DATE '2026-02-07', 9500.00, 'DEBIT', 'Vendor Payment', 5),
(139, 'TXN0139', DATE '2026-01-30', 7500.00, 'DEBIT', 'Utility Bill', 5),
(140, 'TXN0140', DATE '2026-01-22', 6000.00, 'DEBIT', 'Bank Charges', 5),
(141, 'TXN0141', DATE '2026-06-23', 35000.00, 'CREDIT', 'NEFT customer receipt', 6),
(142, 'TXN0142', DATE '2026-06-15', 35000.00, 'CREDIT', 'UPI Collection', 6),
(143, 'TXN0143', DATE '2026-06-07', 35000.00, 'CREDIT', 'Cash Deposit', 6),
(144, 'TXN0144', DATE '2026-05-30', 35000.00, 'CREDIT', 'NEFT customer receipt', 6),
(145, 'TXN0145', DATE '2026-05-22', 35000.00, 'CREDIT', 'UPI Collection', 6),
(146, 'TXN0146', DATE '2026-05-14', 35000.00, 'CREDIT', 'Cash Deposit', 6),
(147, 'TXN0147', DATE '2026-05-06', 35000.00, 'CREDIT', 'NEFT customer receipt', 6),
(148, 'TXN0148', DATE '2026-04-28', 35000.00, 'CREDIT', 'UPI Collection', 6),
(149, 'TXN0149', DATE '2026-04-20', 22000.00, 'DEBIT', 'GST Payment', 6),
(150, 'TXN0150', DATE '2026-04-12', 18000.00, 'DEBIT', 'Vendor Payment', 6),
(151, 'TXN0151', DATE '2026-04-04', 14000.00, 'DEBIT', 'Utility Bill', 6),
(152, 'TXN0152', DATE '2026-03-27', 16000.00, 'DEBIT', 'Salary', 6),
(153, 'TXN0153', DATE '2026-03-19', 13000.00, 'DEBIT', 'Loan EMI', 6),
(154, 'TXN0154', DATE '2026-03-11', 11500.00, 'DEBIT', 'Vendor Payment', 6),
(155, 'TXN0155', DATE '2026-03-03', 10500.00, 'DEBIT', 'Utility Bill', 6),
(156, 'TXN0156', DATE '2026-02-23', 10000.00, 'DEBIT', 'Salary', 6),
(157, 'TXN0157', DATE '2026-02-15', 8500.00, 'DEBIT', 'GST Payment', 6),
(158, 'TXN0158', DATE '2026-02-07', 9000.00, 'DEBIT', 'Vendor Payment', 6),
(159, 'TXN0159', DATE '2026-01-30', 8000.00, 'DEBIT', 'Utility Bill', 6),
(160, 'TXN0160', DATE '2026-01-22', 6500.00, 'DEBIT', 'Bank Charges', 6),
(161, 'TXN0161', DATE '2026-06-22', 60000.00, 'CREDIT', 'NEFT customer receipt', 7),
(162, 'TXN0162', DATE '2026-06-14', 60000.00, 'CREDIT', 'UPI Collection', 7),
(163, 'TXN0163', DATE '2026-06-06', 60000.00, 'CREDIT', 'Cash Deposit', 7),
(164, 'TXN0164', DATE '2026-05-29', 60000.00, 'CREDIT', 'NEFT customer receipt', 7),
(165, 'TXN0165', DATE '2026-05-21', 60000.00, 'CREDIT', 'UPI Collection', 7),
(166, 'TXN0166', DATE '2026-05-13', 60000.00, 'CREDIT', 'Cash Deposit', 7),
(167, 'TXN0167', DATE '2026-05-05', 60000.00, 'CREDIT', 'NEFT customer receipt', 7),
(168, 'TXN0168', DATE '2026-04-27', 60000.00, 'CREDIT', 'UPI Collection', 7),
(169, 'TXN0169', DATE '2026-04-19', 60000.00, 'CREDIT', 'Cash Deposit', 7),
(170, 'TXN0170', DATE '2026-04-11', 60000.00, 'CREDIT', 'NEFT customer receipt', 7),
(171, 'TXN0171', DATE '2026-04-03', 60000.00, 'CREDIT', 'UPI Collection', 7),
(172, 'TXN0172', DATE '2026-03-26', 60000.00, 'CREDIT', 'Cash Deposit', 7),
(173, 'TXN0173', DATE '2026-03-18', 25000.00, 'DEBIT', 'GST Payment', 7),
(174, 'TXN0174', DATE '2026-03-10', 22000.00, 'DEBIT', 'Vendor Payment', 7),
(175, 'TXN0175', DATE '2026-03-02', 18000.00, 'DEBIT', 'Salary', 7),
(176, 'TXN0176', DATE '2026-02-22', 16000.00, 'DEBIT', 'Loan EMI', 7),
(177, 'TXN0177', DATE '2026-02-14', 14000.00, 'DEBIT', 'Utility Bill', 7),
(178, 'TXN0178', DATE '2026-02-06', 12000.00, 'DEBIT', 'Vendor Payment', 7),
(179, 'TXN0179', DATE '2026-01-29', 11000.00, 'DEBIT', 'GST Payment', 7),
(180, 'TXN0180', DATE '2026-01-21', 9500.00, 'DEBIT', 'Bank Charges', 7),
(181, 'TXN0181', DATE '2026-06-22', 90000.00, 'CREDIT', 'NEFT customer receipt', 8),
(182, 'TXN0182', DATE '2026-06-14', 90000.00, 'CREDIT', 'UPI Collection', 8),
(183, 'TXN0183', DATE '2026-06-06', 90000.00, 'CREDIT', 'Cash Deposit', 8),
(184, 'TXN0184', DATE '2026-05-29', 90000.00, 'CREDIT', 'NEFT customer receipt', 8),
(185, 'TXN0185', DATE '2026-05-21', 90000.00, 'CREDIT', 'UPI Collection', 8),
(186, 'TXN0186', DATE '2026-05-13', 90000.00, 'CREDIT', 'Cash Deposit', 8),
(187, 'TXN0187', DATE '2026-05-05', 90000.00, 'CREDIT', 'NEFT customer receipt', 8),
(188, 'TXN0188', DATE '2026-04-27', 90000.00, 'CREDIT', 'UPI Collection', 8),
(189, 'TXN0189', DATE '2026-04-19', 90000.00, 'CREDIT', 'Cash Deposit', 8),
(190, 'TXN0190', DATE '2026-04-11', 90000.00, 'CREDIT', 'NEFT customer receipt', 8),
(191, 'TXN0191', DATE '2026-04-03', 90000.00, 'CREDIT', 'UPI Collection', 8),
(192, 'TXN0192', DATE '2026-03-26', 90000.00, 'CREDIT', 'Cash Deposit', 8),
(193, 'TXN0193', DATE '2026-03-18', 90000.00, 'CREDIT', 'RTGS dealer collection', 8),
(194, 'TXN0194', DATE '2026-03-10', 90000.00, 'CREDIT', 'Interest Credit', 8),
(195, 'TXN0195', DATE '2026-03-02', 32000.00, 'DEBIT', 'GST Payment', 8),
(196, 'TXN0196', DATE '2026-02-22', 28000.00, 'DEBIT', 'Vendor Payment', 8),
(197, 'TXN0197', DATE '2026-02-14', 24000.00, 'DEBIT', 'Salary', 8),
(198, 'TXN0198', DATE '2026-02-06', 20000.00, 'DEBIT', 'Loan EMI', 8),
(199, 'TXN0199', DATE '2026-01-29', 18000.00, 'DEBIT', 'Utility Bill', 8),
(200, 'TXN0200', DATE '2026-01-21', 12000.00, 'DEBIT', 'Bank Charges', 8),
(201, 'TXN0201', DATE '2026-06-21', 45000.00, 'CREDIT', 'NEFT customer receipt', 9),
(202, 'TXN0202', DATE '2026-06-13', 45000.00, 'CREDIT', 'UPI Collection', 9),
(203, 'TXN0203', DATE '2026-06-05', 45000.00, 'CREDIT', 'Cash Deposit', 9),
(204, 'TXN0204', DATE '2026-05-28', 45000.00, 'CREDIT', 'NEFT customer receipt', 9),
(205, 'TXN0205', DATE '2026-05-20', 45000.00, 'CREDIT', 'UPI Collection', 9),
(206, 'TXN0206', DATE '2026-05-12', 45000.00, 'CREDIT', 'Cash Deposit', 9),
(207, 'TXN0207', DATE '2026-05-04', 45000.00, 'CREDIT', 'NEFT customer receipt', 9),
(208, 'TXN0208', DATE '2026-04-26', 45000.00, 'CREDIT', 'UPI Collection', 9),
(209, 'TXN0209', DATE '2026-04-18', 45000.00, 'CREDIT', 'Cash Deposit', 9),
(210, 'TXN0210', DATE '2026-04-10', 45000.00, 'CREDIT', 'NEFT customer receipt', 9),
(211, 'TXN0211', DATE '2026-04-02', 26000.00, 'DEBIT', 'GST Payment', 9),
(212, 'TXN0212', DATE '2026-03-25', 24000.00, 'DEBIT', 'Vendor Payment', 9),
(213, 'TXN0213', DATE '2026-03-17', 22000.00, 'DEBIT', 'Salary', 9),
(214, 'TXN0214', DATE '2026-03-09', 20000.00, 'DEBIT', 'Loan EMI', 9),
(215, 'TXN0215', DATE '2026-03-01', 18000.00, 'DEBIT', 'Utility Bill', 9),
(216, 'TXN0216', DATE '2026-02-21', 16000.00, 'DEBIT', 'Vendor Payment', 9),
(217, 'TXN0217', DATE '2026-02-13', 14000.00, 'DEBIT', 'GST Payment', 9),
(218, 'TXN0218', DATE '2026-02-05', 12000.00, 'DEBIT', 'Bank Charges', 9),
(219, 'TXN0219', DATE '2026-01-28', 10000.00, 'DEBIT', 'Utility Bill', 9),
(220, 'TXN0220', DATE '2026-01-20', 8000.00, 'DEBIT', 'Bank Charges', 9);
